69memespersecond,f7cb1031-5b73-4e08-ac5b-32d794f39536
_tuff_,93347f9c-27a8-4ea7-bb9b-c4bce17f3a88
_xxbo2xx_,ae072788-794e-4220-acb7-5ab395177509
_youalwayswin,3a4c9766-b7c4-4bc7-9bcd-d680403d389a
abdomens,5c0ade40-56e1-40c9-9f50-a5848e685a91
aguait,cd520e67-8d76-4f24-b3cb-8df4a9f5d6cc
angalen30237,ae61663b-1ea0-4d02-a16e-fc96fd7ff5e9
armzzy,55f97cd0-43c6-49a8-a0b2-cf0e4000ef5b
ascm123,50c83439-e2bd-42a9-86c4-99707e6df8e2
ascm15,9c018624-c4d0-45df-a330-a53cd9e9a10e
awesomedudetdm,f4943cf0-e17b-4d6a-8ee0-7b51c6130812
azeract,8bd17773-c499-48bd-9c65-754042ff61b4
baconbros123,14f51418-61ee-48ec-9db9-4eef25a73f7c
banningbuilder,4ac58eac-669e-4799-b5df-af1be68339da
birdo1959,3b1359ab-2c49-460a-ac0f-46fa6c500f4c
birdoyt,6b0a1989-874f-4942-b3b1-691aa8692011
blackhunter44,018bfebe-88c8-49f4-99b5-85334d1cacbc
bowser1215,5e772101-6a49-4d49-ad87-d2d32cf5ebf3
boxee_buddy,253ab06e-32ef-4bef-8af5-9b5766afc1f8
buddypal3,6ee9652e-75fd-40f0-a7f8-777f1ca39aba
captainbanana37,6a27d337-858b-4d90-8799-00c191f1b20c
cheesycanine05,e42cb6b7-edd5-4d16-8798-aaae9fdd2190
chilledbeef,b99e2817-3e96-4dde-8063-9548768af733
coolkid55632,b9d1ba02-df22-478b-b5c3-7ab6533d76e1
creeperyt_,f863cb93-b4a8-4367-8756-878bd2976d86
danky808,16ddabe5-a036-4228-8447-684bb1f88934
daraptor_force,5fb235be-f0c9-4b0c-8725-e7c97d7f1520
diskaka,0075e6e9-0a87-48f3-a7a2-a9b178c383f6
dogeismlg,be5f4d2a-f328-4472-a210-46656ea04768
domgamer,ca02b222-9d02-4849-8be7-6ed86d124bda
domplayzz,96512bee-c71a-4afe-adf5-d8f821de4e9c
dtay11playzmc,7c41b935-344a-4313-a92e-691cd06f5a88
eldzacker,ecde698b-8011-4147-aacc-1fecad6e58ce
epixswaglolz,f0005412-610a-4e14-b5dc-c39f64bb6354
evilpanda69,f8b563a2-9704-4615-8cde-d459397ff89b
excaliburv2,f17660d0-48ec-4820-ab3c-b19d6be0e23f
faction_15f8d6b3_9fa6_4ec4_ba2d_5b1e04dccf3b,a0f493a7-2643-3327-a5fc-7b9cffd98d37
faction_180f3751_7868_4cc0_b9e1_e6a1430da1f3,34d9c9e7-5a37-3e5a-8282-2291ddaea3f5
faction_1d098464_26ed_4cc0_b344_341fd429e50d,7f16986b-b3be-34ea-8211-02a65e19711f
faction_1e7a49fe_29af_4f54_b937_a747a40321e2,90ae2d89-91cb-3ca5-8e79-05b371d06374
faction_20be36f9_4586_4d6f_b67e_e9d2e1187ff3,f57d2344-655f-3259-af29-c215a431dcb1
faction_21b64833_6b45_4344_a819_08532f63a485,70fd5479-437c-3bef-adfb-e3930d86fcaf
faction_2629768b_b34b_4911_a8ed_3ab8b5bf51b3,0e2f2595-4c3d-3702-bc40-1879bf1d2558
faction_2ec6ce7d_64b0_4ddf_ae85_25bc876b0fbc,045f4873-9dad-3ca6-9083-2497a91fc0f3
faction_30c078bd_c0a5_48e3_805d_8418c67de02a,ffe48d95-3103-35d2-a5c0-02657ce85518
faction_5f9fdb46_cc10_4115_9b10_725dfc854e66,4e4a7ae0-9e61-36ae-a3e4-74883bb65a78
faction_64be7bb5_dad0_42ca_be6e_11312dd1f4f4,27928da5-6955-3f72-bfa1-74130052233a
faction_6df596d4_bf05_482c_acaa_d67e1193431f,889b5a56-8524-3f66-a5cf-55124e2f80a5
faction_8759ccfb_05f3_4e71_9cda_fa6e774412b8,0fca17ba-0ef2-366b-94c4-de83d7c6acb9
faction_8b317145_c1c3_4aa5_8ed9_22541df7fd4d,86517c15-8614-32da-9293-4c6c2c5ea766
faction_9499f669_8e9c_415e_8426_88f2551dc5ba,995aadba-53f9-3ca7-aa1d-f7d7ff20beb9
faction_95921867_be09_4ec8_abb6_99c8fa5c96a8,47f312b0-ad64-3e8f-b3f2-da9fd64dcbcb
faction_ac9c91f4_2fd1_41bf_9ddd_0b65c26d0dcc,8abd90e4-fd95-31ec-9bcd-a518716c8ff9
faction_b910d1e2_f299_4147_b226_10a6d0f7b4d9,7f04c707-6ecf-3e5b-a22b-8031f956917e
faction_ba211b82_2533_4775_a8c7_78fb756eefbb,f8723132-53b6-37e3-a623-45d38246f467
faction_bd2d6c2a_3a01_45f3_a9ba_eb3c2e771b62,5cb0a974-8860-383f-861b-7cae9f56aa76
faction_bd7bfe8f_d364_4bd2_b4bb_41c7a9ee1651,e781bc08-2e72-3a4f-8fa5-5524783edd2b
faction_bef00e74_9cfd_4eb9_913e_fbf6af1f3b42,62e91e99-8512-3963-b616-39d52fc2b045
faction_bfb29d90_5429_45ef_8738_a58a016bdc44,eae5a314-3d55-3d07-9256-5ea72fcf254d
faction_c4c251a9_35fb_49c4_9242_b2e1f9e20577,37be52d8-247d-33ec-9c36-7ae82c490e49
faction_cc8504b4_64ab_43d7_ba41_e0e8f35c8474,3034113a-2f0b-355c-87af-575ceaa266e9
faction_cd513dca_606b_421b_9c6a_e92f2d80b478,318b3823-5200-3a11-86c1-a675d4e51671
faction_cdc83977_d388_419e_8263_a4668b597da2,fd143ef3-16d1-3013-99fa-9f13a8d26bd3
faction_d6c26471_f26c_4192_bbb8_42238d945958,736c3947-e969-3250-b532-f083a9766416
faction_safezone,df290318-9c3f-32c6-9a3d-8db0f7513fe6
faction_warzone,d718f377-082e-3f3c-baf6-7fba6a29b7af
fecelbr,319f1ff8-4534-49db-b7fd-641a39c5ff29
freez_ey,99d546ec-bdc2-4199-a93a-5a47b60320a4
gizzylove789,679012d8-f37d-4844-83db-092f429f62db
grammarly,d90b148f-5f88-4b9f-a233-436e3760a2d2
green_claw,662dc24a-1965-4d8b-aa8f-a8ccaa7aa5ef
gynxuni,570d541a-137f-4504-af09-82ce87644d93
henrymorgan111,1639ae3c-d901-45e1-85ae-fdc7bf1077be
hopsin_,409e8d03-bced-4ce0-9766-a0e80f000c6a
hostedmc,e5890dba-f0a4-4657-976a-b21d2585d336
icarrotphone,00cc323e-6790-4ad5-88f3-51518eb32b95
icodehits,1af756e2-0bc8-41bf-96c1-e4fc52e61068
igankop,4509b030-6328-44b0-84ef-eeeccd88fc5a
iihqcked,5d0351ae-f4f6-4686-9d4d-ee2e3fbde3eb
ironmatrix,ec11bcc2-393c-49b5-a207-e3ceab9c38b5
itsmikeyt_,e61a3dc8-20b1-4906-9846-afb91ce2fa39
itsmp,8f0255f7-0ec1-42af-86c9-c5af322984dc
jackasaurus0131,d2d8e79b-b9a7-4962-8f71-243a03e23c0f
jackh48,7c591d91-4d52-4763-bd8b-2f33f6627744
jacobhook13,f4d4d1b2-4ad0-4e61-935f-eae98fd72f77
jag07,25cb04aa-e3d1-4514-809b-7148c503beb4
jagwrr,396e9614-74ca-49e1-8f5e-923bd340787b
jayyfree,de8d3485-9cf8-44dd-90c2-3c25a95d6afc
jockgaming,54d777a9-6f37-415e-aeda-8221df1794c1
kaemebr,2306cb18-1390-4672-985b-eeef9d6c2e41
kapjgames,f20729a4-3058-4bad-93f2-dd412fa4ec79
kawaiimaddison,4ac18736-c342-43d8-ba63-12be9dd286ae
killerop28,7c9d3505-df5b-461a-a23d-c12eb4b4b40f
kingpvp17,95307147-8690-4847-9fc9-14d965bfca2e
kizgoe,a0b16148-fcea-43ef-b833-c68d2461091d
kupcate,95460876-e709-4f42-81c1-362d04ee7115
liljoshgamer2413,ada3437a-eeaf-4528-b70d-68769513328f
lmc2007,998a855e-b1de-42ad-add4-90df2884d5e6
lukluk1233,d4c48088-acd8-48bf-aac3-6832ecb26368
lxgtwirll,b9ca815e-47c1-44e8-867d-df4ce6a93805
lynestar_yt,0abc8abc-324c-41c4-bf1f-3db411564f16
majorleyepic,e365a16d-6fc1-44ee-942d-752a6ffb47a4
mattthebuddy,88755206-7aa4-4999-afc9-4ee67efd8521
mechawrecha274,94171be4-3f11-479a-895e-536a26da4d2f
melon_dino,1269884d-f62a-44bb-9ec3-7cac1f14f1ba
moekai,17c850fc-6809-44fd-99f4-69959bb58201
mrslayer606,2cccd17e-9899-4515-bf4a-b38ee2a22375
mrsupersir,930014c9-c714-4ea0-8e09-e88573a7f9ca
mumargi,78cb8d37-26eb-4075-be9f-e807b691805e
my_original_name,b986dbe4-66a7-47fd-942c-155c5b9b1029
nayslay3r,58014e7d-50f2-4737-9749-c180783a2ac5
nazar_gaming,56e87c3e-f78c-43be-ab1f-a3437b50444c
nohaxbutjustme,939be312-578b-4bd6-b91b-0be004ea96d7
not40yearsold,044a3e45-ba2d-4025-bff9-f9607fca860e
nwaynet,f04f7d6f-63d8-4500-9c01-c7c659373ab1
obamaslefttoe,5d838841-2c81-45d6-9e69-c4795883f0f4
ohherecomedatboi,f955d9ce-6d28-41e3-8e32-3a16a8d49158
opgamers55,50fb3d59-3f52-4855-af25-ea4222497af5
osonorous,8a06881f-3fda-4e13-8294-764adb52fa93
pandawarrrior,472a14ef-baf1-43b1-a9d9-f5a60164b8c8
phantom12378,5c372288-0921-4205-bdfe-25f189080f7a
pikachan,6f67fe69-7f08-44e5-8757-526f7a9d6854
ping_pvp,6fa763ae-f63f-4eb9-8948-7f9d64148c94
plugg_,d09161e5-461b-49aa-9e14-ae26551e9700
pureking_,cb8c30bd-d0b7-4e94-b822-524ea1ae7f3b
pyrominecraftian,812b453e-b016-4722-8a6f-5570f777ead6
raptured12,d8956198-5eaf-4af2-a3af-f49e31686c39
raw_beef_is_yum,5ff42b50-986d-4973-9ee0-4eee898fe4e4
reaper_258,c9366058-9ca1-4d6b-85d3-f5733f889697
ronytiti,8d8da170-af8b-4464-8376-1d941a936d12
s_p_a_c_e_s,46862213-72b3-4a85-b7e3-7fc9c34aa00b
savagerekts,17e16ad0-50c4-435e-8723-4bfd86585e44
scotty524,f3bb011f-f95c-4bcc-b86a-00d4f0307183
scramble123,47634e71-7e5f-46dc-b0cf-b7e3decd93f0
silverpuffle274,81a6ba74-13f9-486d-abc0-ef9aa664311c
skythedev,43d3e03b-6d08-4d3b-bcae-4a9da876a077
spamexe,638a3a13-db40-45aa-a9c4-2058597b9ce8
squishygold,2b16121d-52a9-40ab-b2ac-3cf32062905a
sqweezzstr,000f54ee-4cc6-4ba5-a358-3146af84d061
swissarmyturtle,76451a40-8861-4666-896c-29d319fb66e2
tbhflorence,e837ad71-f8b5-45d7-8d9c-d6edccde38f2
tdc_hobotaco05,1d5a66b3-5527-48a4-b51b-52cb5b7e23bb
technicwolfie,6fcbec39-8d96-443e-a899-515bfe455e58
thatonegurl,2b081b7e-cfc3-4f0a-b120-ce5400e857cf
the_bully92,6dd483f0-ec55-4070-a6aa-2f744fc00b4c
the_resistance,00f65d7b-2868-44d0-91bf-4aa5e00b63cb
thedashdevel,5666388c-9d57-45ef-bb8b-543facfc036e
thedashdevil,e7cd8c2e-7fb6-4774-8491-08c29cd6237f
thehyp3st,a261f9fa-74b9-4e26-9fe4-200ce022e245
theoriest,44528511-88bb-4a29-b9d0-d3426319f8d5
tntsivert,4b8f0c04-cf71-4f71-9986-adf858a470b8
toby_elzinga,7eedc62b-4f75-462c-998d-a42e6941b98e
trikop,cefd27b0-52b3-492f-a0ba-93e6ce91507d
unit_56,0f902db1-cae4-4385-9d8d-2765dc538efe
unstopable1015,719dd540-48b6-4713-85a8-074c774d050d
unvealings,f63de361-eeb7-440d-ac7f-f187788bb13f
utrlmangaming,55089b10-aca8-4341-8eb9-46553723d025
uzivert,9e660175-f49c-46f0-b164-87a0ed034131
waffle_dino_yt,715eb6a9-c3c1-449d-9c19-3fb97429aba7
withergadgets,743f1b11-9683-4c0c-8278-b03106b4de76
x_legitshadow_x,654b8cfb-fd0c-425a-9fbc-fd5b41d2d1eb
xnohaxsjustskill,760c4b8f-477a-4fc3-80d2-f48f3fd5ebc6
xxminecraftherox,e55084ab-13e8-49a9-9f40-245e29eb61a8
zigmeh,3ff8788d-226d-4c76-a59c-401dfca9206a
